{
  "average_metrics": {
    "story_classification": {
      "accuracy": {
        "mean": 0.8334281650071123,
        "std": 0.030892281977861907
      },
      "precision": {
        "mean": 0.8228298417269005,
        "std": 0.030774365817584463
      },
      "recall": {
        "mean": 0.8400165623849833,
        "std": 0.03190045785718149
      },
      "f1": {
        "mean": 0.8224338839658427,
        "std": 0.031647287190647466
      }
    },
    "rating_metrics": {
      "suspense": {
        "accuracy": {
          "mean": 0.33371266002844957,
          "std": 0.049124637710724055
        },
        "tolerance1_accuracy": {
          "mean": 0.8604551920341394,
          "std": 0.034535398931421976
        },
        "tolerance2_accuracy": {
          "mean": 0.9733997155049787,
          "std": 0.02882960868401913
        },
        "rmse": {
          "mean": 1.0963696785857389,
          "std": 0.12608217249890097
        },
        "kappa": {
          "mean": 0.12828684184460432,
          "std": 0.05471982804723235
        },
        "weighted_kappa": {
          "mean": 0.3999094387513647,
          "std": 0.08910026199485997
        },
        "pearson_correlation": {
          "mean": 0.5006011614596682,
          "std": 0.09499535893657197
        },
        "pearson_p_value": {
          "mean": 0.004388046361485724,
          "std": 0.0039935654490489345
        }
      },
      "curiosity": {
        "accuracy": {
          "mean": 0.2532005689900427,
          "std": 0.06429209822869224
        },
        "tolerance1_accuracy": {
          "mean": 0.80099573257468,
          "std": 0.05320209033204073
        },
        "tolerance2_accuracy": {
          "mean": 0.9301564722617355,
          "std": 0.03654515454406733
        },
        "rmse": {
          "mean": 1.2937068922295516,
          "std": 0.13911272039247738
        },
        "kappa": {
          "mean": 0.07230866387583017,
          "std": 0.06062327807326496
        },
        "weighted_kappa": {
          "mean": 0.4011522488825898,
          "std": 0.07260729863418239
        },
        "pearson_correlation": {
          "mean": 0.4925500071373922,
          "std": 0.07687370172772366
        },
        "pearson_p_value": {
          "mean": 0.004822675199681657,
          "std": 0.005089052099031547
        }
      },
      "surprise": {
        "accuracy": {
          "mean": 0.30654338549075394,
          "std": 0.022607958541204926
        },
        "tolerance1_accuracy": {
          "mean": 0.747226173541963,
          "std": 0.050468005516214394
        },
        "tolerance2_accuracy": {
          "mean": 0.946230440967283,
          "std": 0.017102860159532444
        },
        "rmse": {
          "mean": 1.3112414218809463,
          "std": 0.03566262175690861
        },
        "kappa": {
          "mean": 0.026070429034452513,
          "std": 0.05321987448649657
        },
        "weighted_kappa": {
          "mean": 0.19726444622622133,
          "std": 0.06256145862648589
        },
        "pearson_correlation": {
          "mean": 0.3362025486623104,
          "std": 0.0970754955245644
        },
        "pearson_p_value": {
          "mean": 0.08330928385266176,
          "std": 0.09170745534169604
        }
      }
    }
  },
  "fold_metrics": [
    {
      "story_classification": {
        "accuracy": 0.8157894736842105,
        "precision": 0.7997198879551821,
        "recall": 0.842948717948718,
        "f1": 0.8048422597212032
      },
      "rating_metrics": {
        "suspense": {
          "accuracy": 0.2631578947368421,
          "tolerance1_accuracy": 0.8157894736842105,
          "tolerance2_accuracy": 0.9210526315789473,
          "rmse": 1.2977713690461004,
          "kappa": 0.05673758865248224,
          "weighted_kappa": 0.26303030303030306,
          "pearson_correlation": 0.40519219844743215,
          "pearson_p_value": 0.01161544746883425
        },
        "curiosity": {
          "accuracy": 0.15789473684210525,
          "tolerance1_accuracy": 0.8157894736842105,
          "tolerance2_accuracy": 0.9210526315789473,
          "rmse": 1.3377121081198773,
          "kappa": -0.018425460636515956,
          "weighted_kappa": 0.3734238603297767,
          "pearson_correlation": 0.4616426422532238,
          "pearson_p_value": 0.003528929127237409
        },
        "surprise": {
          "accuracy": 0.2894736842105263,
          "tolerance1_accuracy": 0.7631578947368421,
          "tolerance2_accuracy": 0.9473684210526315,
          "rmse": 1.2977713690461004,
          "kappa": 0.05437788018433176,
          "weighted_kappa": 0.2791938352104326,
          "pearson_correlation": 0.4595130698650941,
          "pearson_p_value": 0.003704763732513828
        }
      }
    },
    {
      "story_classification": {
        "accuracy": 0.8378378378378378,
        "precision": 0.8044871794871795,
        "recall": 0.8321678321678322,
        "f1": 0.815
      },
      "rating_metrics": {
        "suspense": {
          "accuracy": 0.35135135135135137,
          "tolerance1_accuracy": 0.8378378378378378,
          "tolerance2_accuracy": 0.972972972972973,
          "rmse": 1.1270626736212455,
          "kappa": 0.17625231910946204,
          "weighted_kappa": 0.4042480301473107,
          "pearson_correlation": 0.4637367470650736,
          "pearson_p_value": 0.0038419146367696375
        },
        "curiosity": {
          "accuracy": 0.32432432432432434,
          "tolerance1_accuracy": 0.8918918918918919,
          "tolerance2_accuracy": 0.972972972972973,
          "rmse": 1.065427207806866,
          "kappa": 0.11567877629063106,
          "weighted_kappa": 0.5434782608695652,
          "pearson_correlation": 0.6173716961291913,
          "pearson_p_value": 4.6949508723567186e-05
        },
        "surprise": {
          "accuracy": 0.32432432432432434,
          "tolerance1_accuracy": 0.6486486486486487,
          "tolerance2_accuracy": 0.972972972972973,
          "rmse": 1.3656005509902465,
          "kappa": 0.041450777202072575,
          "weighted_kappa": 0.1554746940125703,
          "pearson_correlation": 0.2483084070731851,
          "pearson_p_value": 0.13837189439389072
        }
      }
    },
    {
      "story_classification": {
        "accuracy": 0.8108108108108109,
        "precision": 0.8365384615384616,
        "recall": 0.8070175438596491,
        "f1": 0.805701425356339
      },
      "rating_metrics": {
        "suspense": {
          "accuracy": 0.35135135135135137,
          "tolerance1_accuracy": 0.8648648648648649,
          "tolerance2_accuracy": 1.0,
          "rmse": 1.0266713466606798,
          "kappa": 0.13196480938416422,
          "weighted_kappa": 0.5264194289465047,
          "pearson_correlation": 0.6805707470585843,
          "pearson_p_value": 3.574879402858205e-06
        },
        "curiosity": {
          "accuracy": 0.24324324324324326,
          "tolerance1_accuracy": 0.7297297297297297,
          "tolerance2_accuracy": 0.8648648648648649,
          "rmse": 1.4977460543240444,
          "kappa": 0.08561341571050307,
          "weighted_kappa": 0.38812512452679826,
          "pearson_correlation": 0.5391557245011207,
          "pearson_p_value": 0.000574895687441262
        },
        "surprise": {
          "accuracy": 0.2702702702702703,
          "tolerance1_accuracy": 0.7837837837837838,
          "tolerance2_accuracy": 0.918918918918919,
          "rmse": 1.3355836865519823,
          "kappa": 0.00794438927507457,
          "weighted_kappa": 0.21680564464400243,
          "pearson_correlation": 0.38312245335744227,
          "pearson_p_value": 0.019255147218975886
        }
      }
    },
    {
      "story_classification": {
        "accuracy": 0.8918918918918919,
        "precision": 0.8772727272727273,
        "recall": 0.8990384615384616,
        "f1": 0.8850931677018633
      },
      "rating_metrics": {
        "suspense": {
          "accuracy": 0.2972972972972973,