{
  "average_metrics": {
    "story_classification": {
      "accuracy": {
        "mean": 0.7957325746799431,
        "std": 0.02116765318661539
      },
      "precision": {
        "mean": 0.7770131914868756,
        "std": 0.030219469091915523
      },
      "recall": {
        "mean": 0.7829780599517442,
        "std": 0.012055237504239515
      },
      "f1": {
        "mean": 0.7776598491770116,
        "std": 0.021023317987990876
      }
    },
    "rating_metrics": {
      "suspense": {
        "accuracy": {
          "mean": 0.38193456614509247,
          "std": 0.07422812589274394
        },
        "tolerance1_accuracy": {
          "mean": 0.9300142247510669,
          "std": 0.027734981751246526
        },
        "tolerance2_accuracy": {
          "mean": 0.9893314366998578,
          "std": 0.013068203787033666
        },
        "rmse": {
          "mean": 0.9336357133483577,
          "std": 0.09843744644656939
        },
        "kappa": {
          "mean": 0.19040281381528773,
          "std": 0.10291473128243796
        },
        "weighted_kappa": {
          "mean": 0.4431158360282937,
          "std": 0.15167137051824553
        },
        "pearson_correlation": {
          "mean": 0.45128658656081394,
          "std": 0.15453696443188022
        },
        "pearson_p_value": {
          "mean": 0.021943577583062222,
          "std": 0.019324093748850128
        }
      },
      "curiosity": {
        "accuracy": {
          "mean": 0.36031294452347085,
          "std": 0.04110830004999983
        },
        "tolerance1_accuracy": {
          "mean": 0.8328591749644382,
          "std": 0.06316494264367577
        },
        "tolerance2_accuracy": {
          "mean": 0.9785206258890469,
          "std": 0.010743219111521578
        },
        "rmse": {
          "mean": 1.1129049913423266,
          "std": 0.09974407943991269
        },
        "kappa": {
          "mean": 0.13673432499994245,
          "std": 0.05398318183552187
        },
        "weighted_kappa": {
          "mean": 0.4309539483852577,
          "std": 0.09431328733962727
        },
        "pearson_correlation": {
          "mean": 0.4583964838782995,
          "std": 0.09888426212485105
        },
        "pearson_p_value": {
          "mean": 0.016873524381338417,
          "std": 0.020695866688346276
        }
      },
      "surprise": {
        "accuracy": {
          "mean": 0.34381223328591753,
          "std": 0.06750030342095485
        },
        "tolerance1_accuracy": {
          "mean": 0.8815078236130868,
          "std": 0.028154947411067995
        },
        "tolerance2_accuracy": {
          "mean": 0.9677098150782362,
          "std": 0.010885420466406273
        },
        "rmse": {
          "mean": 1.0814740005338752,
          "std": 0.05940712628041526
        },
        "kappa": {
          "mean": 0.1170199668025089,
          "std": 0.10919384844801631
        },
        "weighted_kappa": {
          "mean": 0.3590660776831447,
          "std": 0.09663760048453286
        },
        "pearson_correlation": {
          "mean": 0.371024047505366,
          "std": 0.09367452961552251
        },
        "pearson_p_value": {
          "mean": 0.051494337745579676,
          "std": 0.05754262222942924
        }
      }
    }
  },
  "fold_metrics": [
    {
      "story_classification": {
        "accuracy": 0.7894736842105263,
        "precision": 0.7589285714285714,
        "recall": 0.7788461538461539,
        "f1": 0.7661538461538462
      },
      "rating_metrics": {
        "suspense": {
          "accuracy": 0.34210526315789475,
          "tolerance1_accuracy": 0.9473684210526315,
          "tolerance2_accuracy": 0.9736842105263158,
          "rmse": 0.9733285267845752,
          "kappa": 0.09695817490494285,
          "weighted_kappa": 0.3747714808043876,
          "pearson_correlation": 0.381304457017586,
          "pearson_p_value": 0.01817589582106879
        },
        "curiosity": {
          "accuracy": 0.34210526315789475,
          "tolerance1_accuracy": 0.9210526315789473,
          "tolerance2_accuracy": 0.9736842105263158,
          "rmse": 1.0130724502589556,
          "kappa": 0.0794573643410853,
          "weighted_kappa": 0.5095962938451357,
          "pearson_correlation": 0.5226763396761738,
          "pearson_p_value": 0.0007613822997266506
        },
        "surprise": {
          "accuracy": 0.39473684210526316,
          "tolerance1_accuracy": 0.9210526315789473,
          "tolerance2_accuracy": 0.9736842105263158,
          "rmse": 0.9867543820659302,
          "kappa": 0.18923933209647492,
          "weighted_kappa": 0.4371497197758206,
          "pearson_correlation": 0.44167819092237715,
          "pearson_p_value": 0.005501785063123318
        }
      }
    },
    {
      "story_classification": {
        "accuracy": 0.7837837837837838,
        "precision": 0.7451923076923077,
        "recall": 0.7674825174825175,
        "f1": 0.7533333333333334
      },
      "rating_metrics": {
        "suspense": {
          "accuracy": 0.35135135135135137,
          "tolerance1_accuracy": 0.8918918918918919,
          "tolerance2_accuracy": 1.0,
          "rmse": 0.9863939238321437,
          "kappa": 0.1622641509433962,
          "weighted_kappa": 0.45140032948929154,
          "pearson_correlation": 0.4610384445888543,
          "pearson_p_value": 0.004080848889443661
        },
        "curiosity": {
          "accuracy": 0.43243243243243246,
          "tolerance1_accuracy": 0.8648648648648649,
          "tolerance2_accuracy": 1.0,
          "rmse": 0.9863939238321437,
          "kappa": 0.21356275303643724,
          "weighted_kappa": 0.5263157894736843,
          "pearson_correlation": 0.5437978599920832,
          "pearson_p_value": 0.0005039006078595774
        },
        "surprise": {
          "accuracy": 0.35135135135135137,
          "tolerance1_accuracy": 0.8648648648648649,
          "tolerance2_accuracy": 0.972972972972973,
          "rmse": 1.0904995136125413,
          "kappa": 0.11022044088176364,
          "weighted_kappa": 0.36899224806201547,
          "pearson_correlation": 0.388963668024065,
          "pearson_p_value": 0.017344972559103576
        }
      }
    },
    {
      "story_classification": {
        "accuracy": 0.7837837837837838,
        "precision": 0.7836257309941521,
        "recall": 0.7836257309941521,
        "f1": 0.7836257309941521
      },
      "rating_metrics": {
        "suspense": {
          "accuracy": 0.5135135135135135,
          "tolerance1_accuracy": 0.972972972972973,
          "tolerance2_accuracy": 1.0,
          "rmse": 0.753370803500884,
          "kappa": 0.381615598885794,
          "weighted_kappa": 0.7325301204819277,
          "pearson_correlation": 0.7458013138053355,
          "pearson_p_value": 1.1767718076091496e-07
        },
        "curiosity": {
          "accuracy": 0.32432432432432434,
          "tolerance1_accuracy": 0.8378378378378378,
          "tolerance2_accuracy": 0.972972972972973,
          "rmse": 1.138989594902999,
          "kappa": 0.11567877629063095,
          "weighted_kappa": 0.4852173913043478,
          "pearson_correlation": 0.5490509264067264,
          "pearson_p_value": 0.0004330709663402924
        },
        "surprise": {
          "accuracy": 0.43243243243243246,
          "tolerance1_accuracy": 0.8918918918918919,
          "tolerance2_accuracy": 0.9459459459459459,
          "rmse": 1.0780362527123855,
          "kappa": 0.2785515320334262,
          "weighted_kappa": 0.48793047956227875,
          "pearson_correlation": 0.493675429582697,
          "pearson_p_value": 0.0019023979168834918
        }
      }
    },
    {
      "story_classification": {
        "accuracy": 0.8378378378378378,
        "precision": 0.8321678321678322,
        "recall": 0.8044871794871795,
        "f1": 0.815
      },
      "rating_metrics": {
        "suspense": {
          "accuracy": 0.2972972972972973,