{
  "average_metrics": {
    "story_classification": {
      "accuracy": {
        "mean": 0.728174284950548,
        "std": 0.024098453770488536
      },
      "micro_precision": {
        "mean": 0.728174284950548,
        "std": 0.024098453770488536
      },
      "micro_recall": {
        "mean": 0.728174284950548,
        "std": 0.024098453770488536
      },
      "micro_f1": {
        "mean": 0.728174284950548,
        "std": 0.02409845377048853
      },
      "macro_precision": {
        "mean": 0.7256150780914512,
        "std": 0.024154608481924227
      },
      "macro_recall": {
        "mean": 0.7275013587569579,
        "std": 0.025258968148344937
      },
      "macro_f1": {
        "mean": 0.7253417654086818,
        "std": 0.023866618265228
      },
      "weighted_precision": {
        "mean": 0.7315783061100388,
        "std": 0.026111312103470816
      },
      "weighted_recall": {
        "mean": 0.728174284950548,
        "std": 0.024098453770488536
      },
      "weighted_f1": {
        "mean": 0.7286864320509293,
        "std": 0.024324483986133037
      },
      "mcc": {
        "mean": 0.45310025289948114,
        "std": 0.04929466137758642
      }
    },
    "rating_metrics": {
      "suspense": {
        "perfect_accuracy": {
          "mean": 0.3687516706762898,
          "std": 0.038663893637277215
        },
        "off_by_one_accuracy": {
          "mean": 0.8017909649826251,
          "std": 0.017533462314543637
        },
        "level_accuracy": {
          "mean": 0.5876236300454423,
          "std": 0.027571335163992967
        },
        "rmse": {
          "mean": 1.2077035673260184,
          "std": 0.04702391704311012
        },
        "mae": {
          "mean": 0.8755145682972467,
          "std": 0.0542751260692193
        },
        "quadratic_weighted_kappa": {
          "mean": 0.34887368780153083,
          "std": 0.03287300098362971
        }
      },
      "curiosity": {
        "perfect_accuracy": {
          "mean": 0.21670676289762097,
          "std": 0.02575519770190144
        },
        "off_by_one_accuracy": {
          "mean": 0.760491847099706,
          "std": 0.04016140119455471
        },
        "level_accuracy": {
          "mean": 0.5232290831328521,
          "std": 0.05178129097119064
        },
        "rmse": {
          "mean": 1.3445136102379867,
          "std": 0.06961779645913976
        },
        "mae": {
          "mean": 1.084950547981823,
          "std": 0.06863179712977512
        },
        "quadratic_weighted_kappa": {
          "mean": 0.3447369007898943,
          "std": 0.07359656301198379
        }
      },
      "surprise": {
        "perfect_accuracy": {
          "mean": 0.29959903769045704,
          "std": 0.05981146407424364
        },
        "off_by_one_accuracy": {
          "mean": 0.7188452285485164,
          "std": 0.0219540605802157
        },
        "level_accuracy": {
          "mean": 0.5945469125902166,
          "std": 0.025458857940394868
        },
        "rmse": {
          "mean": 1.4133504363121667,
          "std": 0.010722069802927732
        },
        "mae": {
          "mean": 1.071398021919273,
          "std": 0.0419699762710963
        },
        "quadratic_weighted_kappa": {
          "mean": 0.2287694376043376,
          "std": 0.030414142986175167
        }
      }
    }
  },
  "fold_metrics": [
    {
      "story_classification": {
        "accuracy": 0.7471264367816092,
        "micro_precision": 0.7471264367816092,
        "micro_recall": 0.7471264367816092,
        "micro_f1": 0.7471264367816093,
        "macro_precision": 0.7395833333333333,
        "macro_recall": 0.7464285714285714,
        "macro_f1": 0.7413513513513514,
        "weighted_precision": 0.753831417624521,
        "weighted_recall": 0.7471264367816092,
        "weighted_f1": 0.7489033861447655,
        "mcc": 0.48596369646889703
      },
      "rating_metrics": {
        "suspense": {
          "perfect_accuracy": 0.367816091954023,
          "off_by_one_accuracy": 0.8160919540229885,
          "level_accuracy": 0.5862068965517241,
          "rmse": 1.2223963651627971,
          "mae": 0.8735632183908046,
          "quadratic_weighted_kappa": 0.37458526874585274
        },
        "curiosity": {
          "perfect_accuracy": 0.20689655172413793,
          "off_by_one_accuracy": 0.7931034482758621,
          "level_accuracy": 0.5287356321839081,
          "rmse": 1.3687816547538927,
          "mae": 1.0919540229885059,
          "quadratic_weighted_kappa": 0.3422846806734382
        },
        "surprise": {
          "perfect_accuracy": 0.39080459770114945,
          "off_by_one_accuracy": 0.7241379310344828,
          "level_accuracy": 0.6091954022988506,
          "rmse": 1.4182715723279387,
          "mae": 1.0,
          "quadratic_weighted_kappa": 0.2137065537365077
        }
      }
    },
    {
      "story_classification": {
        "accuracy": 0.735632183908046,
        "micro_precision": 0.735632183908046,
        "micro_recall": 0.735632183908046,
        "micro_f1": 0.735632183908046,
        "macro_precision": 0.7348648648648648,
        "macro_recall": 0.7311170212765958,
        "macro_f1": 0.7320926496184228,
        "weighted_precision": 0.735278036657347,
        "weighted_recall": 0.735632183908046,
        "weighted_f1": 0.734570323621159,
        "mcc": 0.4659668141406542
      },
      "rating_metrics": {
        "suspense": {
          "perfect_accuracy": 0.367816091954023,
          "off_by_one_accuracy": 0.7931034482758621,
          "level_accuracy": 0.5517241379310345,
          "rmse": 1.1695366997037857,
          "mae": 0.8620689655172413,
          "quadratic_weighted_kappa": 0.3355368718310763
        },
        "curiosity": {
          "perfect_accuracy": 0.20689655172413793,
          "off_by_one_accuracy": 0.7586206896551724,
          "level_accuracy": 0.4482758620689655,
          "rmse": 1.364576478442026,
          "mae": 1.103448275862069,
          "quadratic_weighted_kappa": 0.24703493963030243
        },
        "surprise": {
          "perfect_accuracy": 0.28735632183908044,
          "off_by_one_accuracy": 0.6896551724137931,
          "level_accuracy": 0.5517241379310345,
          "rmse": 1.410143874619337,
          "mae": 1.0919540229885059,
          "quadratic_weighted_kappa": 0.20428231562252186
        }
      }
    },
    {
      "story_classification": {
        "accuracy": 0.7126436781609196,
        "micro_precision": 0.7126436781609196,
        "micro_recall": 0.7126436781609196,
        "micro_f1": 0.7126436781609196,
        "macro_precision": 0.711111111111111,
        "macro_recall": 0.7131410256410257,
        "macro_f1": 0.7112704101951414,
        "weighted_precision": 0.7157088122605364,
        "weighted_recall": 0.7126436781609196,
        "weighted_f1": 0.7133303121438086,
        "mcc": 0.42424728046948634
      },
      "rating_metrics": {
        "suspense": {
          "perfect_accuracy": 0.2988505747126437,
          "off_by_one_accuracy": 0.7931034482758621,
          "level_accuracy": 0.5632183908045977,
          "rmse": 1.2909944487358056,
          "mae": 0.9770114942528736,
          "quadratic_weighted_kappa": 0.29005571500928584
        },
        "curiosity": {
          "perfect_accuracy": 0.20689655172413793,
          "off_by_one_accuracy": 0.7011494252873564,
          "level_accuracy": 0.5402298850574713,
          "rmse": 1.364576478442026,
          "mae": 1.1264367816091954,
          "quadratic_weighted_kappa": 0.35561448427212883
        },
        "surprise": {
          "perfect_accuracy": 0.20689655172413793,
          "off_by_one_accuracy": 0.7471264367816092,
          "level_accuracy": 0.5862068965517241,
          "rmse": 1.3978637231524922,
          "mae": 1.1264367816091954,
          "quadratic_weighted_kappa": 0.19924201407688147
        }
      }
    },
    {
      "story_classification": {
        "accuracy": 0.6896551724137931,