{
  "few": {
    "story_class": {
      "precision": {
        "mean": 0.7244444444444443,
        "std": 0.09946073733692577
      },
      "weighted_kappa": {
        "mean": 0.3814234346764031,
        "std": 0.1675810800873252
      },
      "cohen_kappa": {
        "mean": 0.3814234346764031,
        "std": 0.1675810800873252
      },
      "recall": {
        "mean": 0.6929761904761904,
        "std": 0.08683656815628421
      },
      "f1_score": {
        "mean": 0.679752208575738,
        "std": 0.08444556114463617
      },
      "roc_auc": {
        "mean": 0.6929761904761904,
        "std": 0.08683656815628421
      },
      "accuracy": {
        "mean": 0.7121212121212122,
        "std": 0.07297936108358968
      }
    },
    "suspense": {
      "mae": {
        "mean": 0.803030303030303,
        "std": 0.12121212121212122
      },
      "weighted_kappa": {
        "mean": 0.14727822536318042,
        "std": 0.10509153080378802
      },
      "off_by_one_accuracy": {
        "mean": 0.7863636363636364,
        "std": 0.06982859770789643
      },
      "rmse": {
        "mean": 1.171754413391586,
        "std": 0.05243253240990433
      },
      "mse": {
        "mean": 1.3757575757575755,
        "std": 0.12211782836127201
      },
      "accuracy": {
        "mean": 0.44696969696969696,
        "std": 0.10073194023390702
      }
    },
    "curiosity": {
      "mae": {
        "mean": 0.8015151515151515,
        "std": 0.09095958193820385
      },
      "weighted_kappa": {
        "mean": 0.14536851709283588,
        "std": 0.19174092337910442
      },
      "off_by_one_accuracy": {
        "mean": 0.8393939393939395,
        "std": 0.06748805288278813
      },
      "rmse": {
        "mean": 1.0554862103469378,
        "std": 0.09314575940284585
      },
      "mse": {
        "mean": 1.1227272727272726,
        "std": 0.19263291000379168
      },
      "accuracy": {
        "mean": 0.35909090909090907,
        "std": 0.08672174558335868
      }
    },
    "surprise": {
      "mae": {
        "mean": 0.9454545454545455,
        "std": 0.1360602686099615
      },
      "weighted_kappa": {
        "mean": 0.15710144293279077,
        "std": 0.18166986915431435
      },
      "off_by_one_accuracy": {
        "mean": 0.7151515151515151,
        "std": 0.062397758430224264
      },
      "rmse": {
        "mean": 1.3107192286700278,
        "std": 0.09637339294315064
      },
      "mse": {
        "mean": 1.7272727272727273,
        "std": 0.25061906821982227
      },
      "accuracy": {
        "mean": 0.39242424242424245,
        "std": 0.20262283852611068
      }
    }
  },
  "multi": {
    "story_class": {
      "precision": {
        "mean": 0.8058333333333334,
        "std": 0.1244320430328673
      },
      "weighted_kappa": {
        "mean": 0.4888819875776397,
        "std": 0.17404125708647925
      },
      "cohen_kappa": {
        "mean": 0.4888819875776397,
        "std": 0.17404125708647925
      },
      "recall": {
        "mean": 0.7300000000000001,
        "std": 0.07968688725254616
      },
      "f1_score": {
        "mean": 0.7355555555555556,
        "std": 0.09325062472898332
      },
      "roc_auc": {
        "mean": 0.7300000000000001,
        "std": 0.07968688725254618
      },
      "accuracy": {
        "mean": 0.7666666666666667,
        "std": 0.11331154474650632
      }
    },
    "suspense": {
      "mae": {
        "mean": 0.5888888888888889,
        "std": 0.22662308949301266
      },
      "weighted_kappa": {
        "mean": 0.3180386325774786,
        "std": 0.25514106655249624
      },
      "off_by_one_accuracy": {
        "mean": 0.8833333333333332,
        "std": 0.07934920476158722
      },
      "rmse": {
        "mean": 0.8770821363360145,
        "std": 0.2301068194175806
      },
      "mse": {
        "mean": 0.8222222222222222,
        "std": 0.36918328279635887
      },
      "accuracy": {
        "mean": 0.5277777777777778,
        "std": 0.16666666666666669
      }
    },
    "curiosity": {
      "mae": {
        "mean": 0.7833333333333333,
        "std": 0.14948471163415233
      },
      "weighted_kappa": {
        "mean": 0.1301268385404291,
        "std": 0.1715155257136227
      },
      "off_by_one_accuracy": {
        "mean": 0.8722222222222221,
        "std": 0.048432210483785244
      },
      "rmse": {
        "mean": 1.0138153161061774,
        "std": 0.10520168115301465
      },
      "mse": {
        "mean": 1.038888888888889,
        "std": 0.21343747458109497
      },
      "accuracy": {
        "mean": 0.34444444444444444,
        "std": 0.13333333333333333
      }
    },
    "surprise": {
      "mae": {
        "mean": 0.7166666666666666,
        "std": 0.3850605211369657
      },
      "weighted_kappa": {
        "mean": 0.27904686973137005,
        "std": 0.3323832507805231
      },
      "off_by_one_accuracy": {
        "mean": 0.861111111111111,
        "std": 0.1337954953199144
      },
      "rmse": {
        "mean": 0.9669180440809425,
        "std": 0.38523087799917805
      },
      "mse": {
        "mean": 1.0833333333333335,
        "std": 0.7938809190176113
      },
      "accuracy": {
        "mean": 0.4444444444444445,
        "std": 0.22222222222222224
      }
    }
  },
  "one": {
    "story_class": {
      "precision": {
        "mean": 0.7758730158730158,
        "std": 0.09570336087590027
      },
      "weighted_kappa": {
        "mean": 0.39243563454089775,
        "std": 0.161746384359164
      },
      "cohen_kappa": {
        "mean": 0.39243563454089775,
        "std": 0.161746384359164
      },
      "recall": {
        "mean": 0.7039285714285715,
        "std": 0.09077613189847307
      },
      "f1_score": {
        "mean": 0.6729945054945056,
        "std": 0.09298160878933048
      },
      "roc_auc": {
        "mean": 0.7039285714285715,
        "std": 0.0907761318984731
      },
      "accuracy": {
        "mean": 0.7121212121212122,
        "std": 0.07297936108358968
      }
    },
    "suspense": {
      "mae": {
        "mean": 1.1818181818181819,
        "std": 0.28747978728803447
      },
      "weighted_kappa": {
        "mean": 0.1309596560876961,
        "std": 0.1207327548868523
      },
      "off_by_one_accuracy": {
        "mean": 0.6954545454545455,
        "std": 0.12497933713515928
      },
      "rmse": {
        "mean": 1.447141556350477,
        "std": 0.31095081088913407
      },
      "mse": {
        "mean": 2.190909090909091,
        "std": 0.9976832667868327
      },
      "accuracy": {
        "mean": 0.21363636363636362,
        "std": 0.06982859770789643
      }
    },
    "curiosity": {
      "mae": {
        "mean": 1.337878787878788,
        "std": 0.368016548516007
      },
      "weighted_kappa": {
        "mean": 0.18232779003480729,
        "std": 0.20481319902878162
      },
      "off_by_one_accuracy": {
        "mean": 0.5893939393939394,
        "std": 0.13487401869253265
      },
      "rmse": {
        "mean": 1.61609524662654,
        "std": 0.3420877557279442
      },
      "mse": {
        "mean": 2.7287878787878785,
        "std": 1.095700756102588
      },
      "accuracy": {
        "mean": 0.21515151515151518,
        "std": 0.14857758390462136
      }
    },
    "surprise": {
      "mae": {
        "mean": 1.196969696969697,
        "std": 0.36110228144887835
      },
      "weighted_kappa": {
        "mean": 0.1906133909789291,
        "std": 0.14155588990677642
      },
      "off_by_one_accuracy": {
        "mean": 0.7136363636363636,
        "std": 0.15719651332536894
      },
      "rmse": {
        "mean": 1.4391316530938656,
        "std": 0.4139134299434609
      },
      "mse": {
        "mean": 2.242424242424242,
        "std": 1.2977341275978098
      },
      "accuracy": {
        "mean": 0.1984848484848485,
        "std": 0.1076077630579679
      }
    }
  },
  "zero": {
    "story_class": {
      "precision": {
        "mean": 0.7980952380952381,