{
  "few_shot_temp0.6_cotYes_structuredYes.json": {
    "story_class": {
      "precision": {
        "mean": 0.782730448105162,
        "std": 0.04329369304884523
      },
      "weighted_kappa": {
        "mean": 0.5688897920917908,
        "std": 0.08203041137844166
      },
      "roc_auc": {
        "mean": 0.789204897568742,
        "std": 0.04070902542195761
      },
      "f1_score": {
        "mean": 0.7839788377205839,
        "std": 0.040944481621973776
      },
      "recall": {
        "mean": 0.789204897568742,
        "std": 0.04070902542195761
      },
      "cohen_kappa": {
        "mean": 0.5688897920917908,
        "std": 0.08203041137844166
      },
      "accuracy": {
        "mean": 0.80099573257468,
        "std": 0.03700732408401509
      }
    },
    "suspense": {
      "weighted_kappa": {
        "mean": 0.24984961204340633,
        "std": 0.13770311998390583
      },
      "mae": {
        "mean": 0.7691322901849217,
        "std": 0.12199795369254046
      },
      "rmse": {
        "mean": 0.9695425997207983,
        "std": 0.1110595842449768
      },
      "off_by_one_accuracy": {
        "mean": 0.9192034139402562,
        "std": 0.045398132017795016
      },
      "mse": {
        "mean": 0.9523470839260313,
        "std": 0.20897025953577347
      },
      "accuracy": {
        "mean": 0.3170697012802276,
        "std": 0.08024121430375795
      }
    },
    "curiosity": {
      "weighted_kappa": {
        "mean": 0.3602997431319452,
        "std": 0.0780963863758563
      },
      "mae": {
        "mean": 0.7251778093883358,
        "std": 0.07465162370317913
      },
      "rmse": {
        "mean": 1.0498186943239776,
        "std": 0.09548959310163284
      },
      "off_by_one_accuracy": {
        "mean": 0.8499288762446658,
        "std": 0.056219268407879094
      },
      "mse": {
        "mean": 1.1112375533428165,
        "std": 0.20189206778442517
      },
      "accuracy": {
        "mean": 0.44637268847795164,
        "std": 0.041602472626869794
      }
    },
    "surprise": {
      "weighted_kappa": {
        "mean": 0.20707378762449088,
        "std": 0.1229310247950633
      },
      "mae": {
        "mean": 0.8438122332859175,
        "std": 0.10480620512743449
      },
      "rmse": {
        "mean": 1.1196295326261425,
        "std": 0.09791631328950011
      },
      "off_by_one_accuracy": {
        "mean": 0.8654338549075391,
        "std": 0.04867775492913023
      },
      "mse": {
        "mean": 1.263157894736842,
        "std": 0.22724902424987178
      },
      "accuracy": {
        "mean": 0.32830725462304405,
        "std": 0.06838777459091451
      }
    }
  },
  "multi_shot_temp0.6_cotYes_structuredYes.json": {
    "story_class": {
      "precision": {
        "mean": 0.7850444952962115,
        "std": 0.03260620661635634
      },
      "weighted_kappa": {
        "mean": 0.5721723150743998,
        "std": 0.07003445068997254
      },
      "roc_auc": {
        "mean": 0.800084893367502,
        "std": 0.028588978245722003
      },
      "f1_score": {
        "mean": 0.7832378363308682,
        "std": 0.037445844545708255
      },
      "recall": {
        "mean": 0.8000848933675021,
        "std": 0.028588978245722072
      },
      "cohen_kappa": {
        "mean": 0.5721723150743998,
        "std": 0.07003445068997254
      },
      "accuracy": {
        "mean": 0.7906116642958748,
        "std": 0.04133899643236075
      }
    },
    "suspense": {
      "weighted_kappa": {
        "mean": 0.300713570385393,
        "std": 0.08259443499530535
      },
      "mae": {
        "mean": 0.6285917496443811,
        "std": 0.04907930798478909
      },
      "rmse": {
        "mean": 0.8694786020549662,
        "std": 0.03840514130479386
      },
      "off_by_one_accuracy": {
        "mean": 0.9355618776671409,
        "std": 0.012735720788392248
      },
      "mse": {
        "mean": 0.7574679943100996,
        "std": 0.06736887758870337
      },
      "accuracy": {
        "mean": 0.4358463726884779,
        "std": 0.04278411652257745
      }
    },
    "curiosity": {
      "weighted_kappa": {
        "mean": 0.2991218535887851,
        "std": 0.0949160435611114
      },
      "mae": {
        "mean": 0.6935988620199146,
        "std": 0.10032877365550982
      },
      "rmse": {
        "mean": 0.9966224603461138,
        "std": 0.11150592791596949
      },
      "off_by_one_accuracy": {
        "mean": 0.8439544807965861,
        "std": 0.057997225105910655
      },
      "mse": {
        "mean": 1.0056899004267428,
        "std": 0.20885112606565398
      },
      "accuracy": {
        "mean": 0.46244665718349925,
        "std": 0.058141484031102565
      }
    },
    "surprise": {
      "weighted_kappa": {
        "mean": 0.1776097044409352,
        "std": 0.129615874390196
      },
      "mae": {
        "mean": 0.7364153627311523,
        "std": 0.05568331450441357
      },
      "rmse": {
        "mean": 0.9554016521992619,
        "std": 0.07358915912345104
      },
      "off_by_one_accuracy": {
        "mean": 0.9196301564722618,
        "std": 0.03722973635363415
      },
      "mse": {
        "mean": 0.9182076813655762,
        "std": 0.13986771756203883
      },
      "accuracy": {
        "mean": 0.34921763869132294,
        "std": 0.054786532246408205
      }
    }
  },
  "one_shot_temp0.6_cotYes_structuredYes.json": {
    "story_class": {
      "precision": {
        "mean": 0.783601369644848,
        "std": 0.04770873802412891
      },
      "weighted_kappa": {
        "mean": 0.5419475272120537,
        "std": 0.120681949678215
      },
      "roc_auc": {
        "mean": 0.7660215377120748,
        "std": 0.06634260735262419
      },
      "f1_score": {
        "mean": 0.7691703874973972,
        "std": 0.0624762794665138
      },
      "recall": {
        "mean": 0.7660215377120748,
        "std": 0.0663426073526242
      },
      "cohen_kappa": {
        "mean": 0.5419475272120537,
        "std": 0.120681949678215
      },
      "accuracy": {
        "mean": 0.7958748221906117,
        "std": 0.04921846092440081
      }
    },
    "suspense": {
      "weighted_kappa": {
        "mean": 0.23242528572671328,
        "std": 0.06577922857140919
      },
      "mae": {
        "mean": 0.8328591749644382,
        "std": 0.05311378046521835
      },
      "rmse": {
        "mean": 1.0629644387833637,
        "std": 0.06730898501508599
      },
      "off_by_one_accuracy": {
        "mean": 0.8816500711237554,
        "std": 0.04406826962193655
      },
      "mse": {
        "mean": 1.1344238975817924,
        "std": 0.139922680524909
      },
      "accuracy": {
        "mean": 0.3017069701280227,
        "std": 0.0687725156548
      }
    },
    "curiosity": {
      "weighted_kappa": {
        "mean": 0.32221290414221226,
        "std": 0.09672109460241825
      },
      "mae": {
        "mean": 0.8600284495021338,
        "std": 0.1524388995392916
      },
      "rmse": {
        "mean": 1.1940619113966928,
        "std": 0.16298231707061842
      },
      "off_by_one_accuracy": {
        "mean": 0.7795163584637269,
        "std": 0.08279245049976292
      },
      "mse": {
        "mean": 1.4523470839260313,
        "std": 0.4019512955862686
      },
      "accuracy": {
        "mean": 0.3982930298719773,
        "std": 0.06469369244086941
      }
    },
    "surprise": {
      "weighted_kappa": {
        "mean": 0.21227234856693333,
        "std": 0.1063697446765351
      },
      "mae": {
        "mean": 0.8770981507823613,
        "std": 0.16852962553239106
      },
      "rmse": {
        "mean": 1.1837647290502598,
        "std": 0.21955227161026009
      },
      "off_by_one_accuracy": {
        "mean": 0.8327169274537696,
        "std": 0.09763030200673088
      },
      "mse": {
        "mean": 1.44950213371266,
        "std": 0.5583659639253464
      },
      "accuracy": {
        "mean": 0.34964438122332864,