{
  "few": {
    "story_class": {
      "accuracy": 0.7142857142857143,
      "precision": 0.7450980392156863,
      "recall": 0.7075351213282248,
      "f1_score": 0.7005347593582887,
      "cohen_kappa": 0.42043984476067264,
      "weighted_kappa": 0.42043984476067264,
      "roc_auc": 0.7075351213282248,
      "confusion_matrix": [
        [
          26,
          3
        ],
        [
          13,
          14
        ]
      ]
    },
    "suspense": {
      "mse": 1.375,
      "rmse": 1.1726039399558574,
      "mae": 0.8035714285714286,
      "weighted_kappa": 0.20854271356783904,
      "accuracy": 0.44642857142857145,
      "off_by_one_accuracy": 0.7857142857142857
    },
    "curiosity": {
      "mse": 1.125,
      "rmse": 1.0606601717798212,
      "mae": 0.8035714285714286,
      "weighted_kappa": 0.19075144508670527,
      "accuracy": 0.35714285714285715,
      "off_by_one_accuracy": 0.8392857142857143
    },
    "surprise": {
      "mse": 1.7321428571428572,
      "rmse": 1.3161089837634485,
      "mae": 0.9464285714285714,
      "weighted_kappa": 0.16535433070866146,
      "accuracy": 0.39285714285714285,
      "off_by_one_accuracy": 0.7142857142857143
    }
  },
  "multi": {
    "story_class": {
      "accuracy": 0.7708333333333334,
      "precision": 0.7945054945054946,
      "recall": 0.7392857142857143,
      "f1_score": 0.746031746031746,
      "cohen_kappa": 0.5037593984962406,
      "weighted_kappa": 0.5037593984962406,
      "roc_auc": 0.7392857142857143,
      "confusion_matrix": [
        [
          26,
          2
        ],
        [
          9,
          11
        ]
      ]
    },
    "suspense": {
      "mse": 0.8541666666666666,
      "rmse": 0.924211375534118,
      "mae": 0.6041666666666666,
      "weighted_kappa": 0.32361516034985427,
      "accuracy": 0.5208333333333334,
      "off_by_one_accuracy": 0.875
    },
    "curiosity": {
      "mse": 1.0208333333333333,
      "rmse": 1.0103629710818451,
      "mae": 0.7708333333333334,
      "weighted_kappa": 0.16619718309859155,
      "accuracy": 0.3541666666666667,
      "off_by_one_accuracy": 0.875
    },
    "surprise": {
      "mse": 1.1041666666666667,
      "rmse": 1.050793351076541,
      "mae": 0.7291666666666666,
      "weighted_kappa": 0.25133689839572193,
      "accuracy": 0.4375,
      "off_by_one_accuracy": 0.8541666666666666
    }
  },
  "one": {
    "story_class": {
      "accuracy": 0.7142857142857143,
      "precision": 0.7626016260162602,
      "recall": 0.7062579821200511,
      "f1_score": 0.6952380952380952,
      "cohen_kappa": 0.4189364461738002,
      "weighted_kappa": 0.4189364461738002,
      "roc_auc": 0.706257982120051,
      "confusion_matrix": [
        [
          27,
          2
        ],
        [
          14,
          13
        ]
      ]
    },
    "suspense": {
      "mse": 2.1785714285714284,
      "rmse": 1.475998451412273,
      "mae": 1.1785714285714286,
      "weighted_kappa": 0.13805970149253732,
      "accuracy": 0.21428571428571427,
      "off_by_one_accuracy": 0.6964285714285714
    },
    "curiosity": {
      "mse": 2.732142857142857,
      "rmse": 1.6529194950580193,
      "mae": 1.3392857142857142,
      "weighted_kappa": 0.18730650154798756,
      "accuracy": 0.21428571428571427,
      "off_by_one_accuracy": 0.5892857142857143
    },
    "surprise": {
      "mse": 2.232142857142857,
      "rmse": 1.494035761667992,
      "mae": 1.1964285714285714,
      "weighted_kappa": 0.1836379460400348,
      "accuracy": 0.19642857142857142,
      "off_by_one_accuracy": 0.7142857142857143
    }
  },
  "zero": {
    "story_class": {
      "accuracy": 0.6964285714285714,
      "precision": 0.7765151515151515,
      "recall": 0.6864623243933589,
      "f1_score": 0.6656129258868985,
      "cohen_kappa": 0.38020833333333337,
      "weighted_kappa": 0.38020833333333337,
      "roc_auc": 0.6864623243933589,
      "confusion_matrix": [
        [
          28,
          1
        ],
        [
          16,
          11
        ]
      ]
    },
    "suspense": {
      "mse": 3.0892857142857144,
      "rmse": 1.7576363999091833,
      "mae": 1.4464285714285714,
      "weighted_kappa": 0.0928000000000001,
      "accuracy": 0.14285714285714285,
      "off_by_one_accuracy": 0.625
    },
    "curiosity": {
      "mse": 4.178571428571429,
      "rmse": 2.0441554316077406,
      "mae": 1.7142857142857142,
      "weighted_kappa": 0.11695137976346914,
      "accuracy": 0.16071428571428573,
      "off_by_one_accuracy": 0.44642857142857145
    },
    "surprise": {
      "mse": 3.375,
      "rmse": 1.8371173070873836,
      "mae": 1.4821428571428572,
      "weighted_kappa": 0.09642301710730938,
      "accuracy": 0.125,
      "off_by_one_accuracy": 0.6428571428571429
    }
  }
}