{
  "few_shot_temp0.6_cotYes_structuredYes.json": {
    "story_class": {
      "accuracy": 0.8010752688172043,
      "precision": 0.7853679233846527,
      "recall": 0.793369890329013,
      "f1_score": 0.7887077461545546,
      "cohen_kappa": 0.5777395999509143,
      "weighted_kappa": 0.5777395999509143,
      "roc_auc": 0.793369890329013,
      "confusion_matrix": [
        [
          52,
          16
        ],
        [
          21,
          97
        ]
      ]
    },
    "suspense": {
      "mse": 0.9516129032258065,
      "rmse": 0.9755064854862865,
      "mae": 0.7688172043010753,
      "weighted_kappa": 0.26573542402826855,
      "accuracy": 0.3172043010752688,
      "off_by_one_accuracy": 0.9193548387096774
    },
    "curiosity": {
      "mse": 1.1129032258064515,
      "rmse": 1.0549422855334085,
      "mae": 0.7258064516129032,
      "weighted_kappa": 0.3686195624842846,
      "accuracy": 0.44623655913978494,
      "off_by_one_accuracy": 0.8494623655913979
    },
    "surprise": {
      "mse": 1.2634408602150538,
      "rmse": 1.124028852038529,
      "mae": 0.8440860215053764,
      "weighted_kappa": 0.21288409703504052,
      "accuracy": 0.3279569892473118,
      "off_by_one_accuracy": 0.8655913978494624
    }
  },
  "multi_shot_temp0.6_cotYes_structuredYes.json": {
    "story_class": {
      "accuracy": 0.7903225806451613,
      "precision": 0.7808386721025043,
      "recall": 0.8004735792622133,
      "f1_score": 0.7835079237174322,
      "cohen_kappa": 0.5707184282163569,
      "weighted_kappa": 0.5707184282163569,
      "roc_auc": 0.8004735792622133,
      "confusion_matrix": [
        [
          57,
          11
        ],
        [
          28,
          90
        ]
      ]
    },
    "suspense": {
      "mse": 0.7580645161290323,
      "rmse": 0.8706690049203728,
      "mae": 0.6290322580645161,
      "weighted_kappa": 0.31054365733113665,
      "accuracy": 0.43548387096774194,
      "off_by_one_accuracy": 0.9354838709677419
    },
    "curiosity": {
      "mse": 1.0053763440860215,
      "rmse": 1.0026845685887569,
      "mae": 0.6935483870967742,
      "weighted_kappa": 0.30568898663117083,
      "accuracy": 0.46236559139784944,
      "off_by_one_accuracy": 0.8440860215053764
    },
    "surprise": {
      "mse": 0.9193548387096774,
      "rmse": 0.9588299321097967,
      "mae": 0.7365591397849462,
      "weighted_kappa": 0.19161220734724949,
      "accuracy": 0.34946236559139787,
      "off_by_one_accuracy": 0.9193548387096774
    }
  },
  "one_shot_temp0.6_cotYes_structuredYes.json": {
    "story_class": {
      "accuracy": 0.7956989247311828,
      "precision": 0.7837301587301587,
      "recall": 0.7673230309072782,
      "f1_score": 0.7736936475409837,
      "cohen_kappa": 0.5483128834355828,
      "weighted_kappa": 0.5483128834355828,
      "roc_auc": 0.7673230309072782,
      "confusion_matrix": [
        [
          45,
          23
        ],
        [
          15,
          103
        ]
      ]
    },
    "suspense": {
      "mse": 1.1344086021505377,
      "rmse": 1.0650861947047,
      "mae": 0.8333333333333334,
      "weighted_kappa": 0.24007591333227885,
      "accuracy": 0.3010752688172043,
      "off_by_one_accuracy": 0.8817204301075269
    },
    "curiosity": {
      "mse": 1.4516129032258065,
      "rmse": 1.2048289933537484,
      "mae": 0.8602150537634409,
      "weighted_kappa": 0.324557421697685,
      "accuracy": 0.3978494623655914,
      "off_by_one_accuracy": 0.7795698924731183
    },
    "surprise": {
      "mse": 1.446236559139785,
      "rmse": 1.2025957588232985,
      "mae": 0.8763440860215054,
      "weighted_kappa": 0.21451888698896315,
      "accuracy": 0.34946236559139787,
      "off_by_one_accuracy": 0.8333333333333334
    }
  },
  "zero_shot_temp0.6_cotYes_structuredYes.json": {
    "story_class": {
      "accuracy": 0.8494623655913979,
      "precision": 0.8396358543417367,
      "recall": 0.8626620139581256,
      "f1_score": 0.8442583732057417,
      "cohen_kappa": 0.690883190883191,
      "weighted_kappa": 0.690883190883191,
      "roc_auc": 0.8626620139581256,
      "confusion_matrix": [
        [
          62,
          6
        ],
        [
          22,
          96
        ]
      ]
    },
    "suspense": {
      "mse": 1.2473118279569892,
      "rmse": 1.1168311546321534,
      "mae": 0.8709677419354839,
      "weighted_kappa": 0.23724179829890646,
      "accuracy": 0.2903225806451613,
      "off_by_one_accuracy": 0.8655913978494624
    },
    "curiosity": {
      "mse": 1.5698924731182795,
      "rmse": 1.2529534999824532,
      "mae": 0.956989247311828,
      "weighted_kappa": 0.2881836945304438,
      "accuracy": 0.2903225806451613,
      "off_by_one_accuracy": 0.8118279569892473
    },
    "surprise": {
      "mse": 1.6559139784946237,
      "rmse": 1.2868232118261715,
      "mae": 0.946236559139785,
      "weighted_kappa": 0.1746672045179508,
      "accuracy": 0.34946236559139787,
      "off_by_one_accuracy": 0.7634408602150538
    }
  }
}